{"type":"Topology","transform":{"scale":[0.00020594018164735368,0.00015709426454445656],"translate":[-73.43773999999999,42.726853]},"arcs":[[[3139,7862],[238,431]],[[3377,8293],[284,-106],[266,482],[157,345],[36,111],[123,-43],[21,59],[566,-218],[113,588],[250,-108]],[[5193,9403],[307,-133],[655,57],[629,-217]],[[6784,9110],[2,-6],[1,-8],[-13,-22],[-1,-7],[4,-90],[21,-21],[17,-8],[3,-6],[-19,-44],[-6,0],[-9,6],[-6,0],[-22,-11],[-29,-25],[-11,-50],[-1,-13],[74,-43],[13,-1],[19,-10],[9,-9],[1,-14],[-4,-29],[-5,-13],[-7,-8],[-10,-6],[-18,-3],[-30,5],[-7,-4],[-6,-11],[8,-11],[36,-26],[-13,-43],[-29,-20],[1,-15],[-25,-28],[-14,-32],[-4,-6],[-8,-5],[-16,-15],[-3,-25],[-18,-15],[-41,-22],[-12,-8],[-8,-11],[-3,-9],[1,-12],[19,-31],[2,-12],[-3,-7],[-21,-12],[-7,-8],[-2,-10],[-17,-16],[-25,-1],[-8,1],[-9,-8],[-5,-9],[-3,-13],[-16,-27],[-17,-4],[-14,-14],[2,-21],[6,-33],[-1,-9],[-25,-14],[-39,-39],[2,-16],[19,-25],[5,-19],[-4,-60],[-3,-18],[-8,-21],[0,-7],[2,-5],[17,-4],[48,-39],[10,-12],[1,-8],[-28,-46],[-7,-7],[-24,-11],[-21,0],[-13,-5],[-4,-9],[-1,-14],[10,-51],[0,-8],[-6,-68],[-5,-15],[-9,-13],[-69,-56],[-48,-31],[-30,-22],[-22,-30],[-14,-27],[-3,-29],[-8,-7],[-31,-7],[-16,2],[-5,-6],[-6,-11],[-3,-26],[8,-22],[10,-17],[11,-28],[-35,-17],[-23,-1],[-17,-6],[-9,-12],[-15,-46],[2,-16],[22,-55],[4,-70],[-6,-21],[-14,-24],[-10,-26],[-1,-11],[10,-34],[11,-21],[4,-28],[-7,-22],[-29,-25],[-12,-39],[-11,-20],[-7,-9],[-35,-25],[-6,-11],[-1,-14],[4,-70],[-2,-2]],[[5985,6646],[-642,247],[-596,182],[-1182,452],[-387,125],[20,36],[-57,71],[-2,103]],[[890,3742],[782,-48],[521,-15],[-25,-84],[73,0],[2,82],[524,-24]],[[2767,3653],[233,-10],[3,-278]],[[3003,3365],[-139,45],[-17,-364],[-51,-2],[-33,-585],[-623,37],[-54,-1202],[421,-21],[-43,-1195]],[[2464,78],[-450,13],[-1175,31],[-56,0],[-70,356],[22,39],[13,37],[-16,40],[8,89],[5,5],[27,-10],[14,407],[7,274],[0,14],[1,7],[22,587],[20,384],[33,851],[11,187],[10,353]],[[4174,13080],[781,-374],[-316,-566],[555,-265],[-33,-52]],[[5161,11823],[-289,-497]],[[4872,11326],[-284,-529],[-505,358],[-279,-516],[-541,283],[-191,58]],[[3072,10980],[-163,48],[170,298],[-132,66],[104,200],[-95,28],[-397,501],[-65,13]],[[2494,12134],[-14,76],[118,8],[57,68],[194,345],[270,-120],[60,306],[56,0],[22,166],[51,0],[44,126],[657,98],[165,-127]],[[5161,11823],[543,-266],[565,1026],[281,-126],[-125,419],[496,-323],[352,447]],[[7273,13000],[498,-334],[-354,-443],[328,-228],[-320,-408],[252,-324],[-227,-266],[-145,-84],[465,-595]],[[7770,10318],[-33,-23],[-40,-21],[-45,-5],[-39,-20],[-12,-2],[-17,5],[-29,18],[-99,46],[-23,5],[-51,-11],[-37,-28],[-19,-29],[-31,-11],[-18,0],[-29,12],[-63,-1],[-25,-6],[-87,6],[-17,-8],[-9,-32],[-9,-9],[-68,-32],[-37,-18],[-22,-6],[-23,-4],[-32,10],[-16,3],[-20,-13],[-3,-20],[7,-10],[0,-57],[-1,-19],[-4,-12],[-17,-26],[-10,-8],[-35,-29],[-35,-9],[-27,-28],[-31,-57],[-12,-40],[7,-17],[9,-2],[16,-29],[7,-47],[28,-58],[19,-18],[8,-18],[3,-17],[-14,-32],[-14,-48],[-1,-21],[6,-25],[-3,-12],[-26,-55],[2,-14],[-4,-25],[-5,-11],[-17,-12],[-5,-10],[-8,-46],[24,-30],[18,-35],[22,-74],[26,-39],[26,-6],[8,-18]],[[5193,9403],[252,437],[-6,164],[225,260],[263,457],[-15,64],[-39,-12],[22,34],[-1023,519]],[[2358,9131],[273,732],[-75,35],[271,533],[143,-40],[105,199],[-168,82],[165,308]],[[3377,8293],[-751,280],[-96,-11],[-85,584],[-87,-15]],[[4289,14523],[107,-3],[250,6],[156,-2],[231,-12],[256,-6],[187,-12],[88,5],[102,-2],[536,12],[279,-3],[247,4],[90,16],[19,-13],[31,0],[178,7],[192,3],[156,-3],[84,2]],[[7478,14522],[-150,-642],[263,-197],[-250,-281],[-235,-291],[167,-111]],[[4174,13080],[221,329],[-29,382],[14,206],[-91,526]],[[604,9786],[209,-26],[357,42],[620,111],[255,8],[-18,117],[228,-66],[38,-395],[65,-446]],[[3139,7862],[-91,-164],[-268,-474],[-43,15],[-12,246],[-372,-177],[-131,49],[0,-119],[35,18],[68,-256]],[[2325,7000],[-282,-138],[-63,267],[-610,-45],[-308,-15],[62,-449],[-761,-87]],[[363,6533],[41,70],[19,40],[0,10],[-20,30],[-4,11],[-10,48],[-24,27],[-27,20],[-40,34],[-4,12],[-5,34],[-5,16],[0,0],[-8,16],[-11,15],[-35,26],[-10,22],[-2,9],[13,45],[9,20],[31,31],[26,13],[14,20],[7,18],[-1,6],[-6,9],[-35,31],[-6,15],[3,27],[11,35],[25,60],[0,9],[-11,30],[-35,68],[-60,77],[-6,17],[-18,72],[-33,82],[-4,19],[14,102],[-6,117],[-21,53],[-7,28],[0,17],[7,23],[25,160],[0,31],[-8,32],[-15,36],[-17,16],[-29,16],[-14,5],[-24,31],[-13,7],[-30,24],[-4,16],[28,117],[9,53],[4,49],[63,127],[24,85],[-2,31],[-10,54],[-9,35],[0,8],[19,32],[18,10],[23,31],[5,10],[13,60],[4,44],[16,25],[1,5],[-7,12],[-3,18],[2,14],[5,12],[27,24],[3,11],[-5,50],[1,11],[10,10],[16,1],[6,4],[8,26],[23,14],[11,3],[14,14],[9,15],[42,26],[2,12],[18,37],[12,21],[1,21],[2,5],[19,15],[5,28],[36,26],[-4,23],[31,9],[14,9],[17,21],[5,2],[23,-6],[5,2],[19,36],[15,52],[16,41]],[[2325,7000],[410,201],[5,-117],[174,-67],[32,63],[167,-62],[67,-159],[-174,-370],[61,-24],[-68,-163],[579,-217],[-277,-606],[-72,25],[-89,-614],[101,-20],[-6,-89],[215,-59],[16,-44],[-65,-254],[-103,-254],[-6,-177],[-321,167],[0,-51],[-134,-8],[-1,-150],[-60,-4],[-9,-294]],[[890,3742],[7,255],[1,56],[1,43],[0,4],[20,633],[7,284],[2,25],[-5,2],[0,25],[4,17],[17,12],[7,11],[2,18],[-1,17],[-2,0],[-22,44],[-6,6],[-11,4],[-1,45],[9,13],[-1,8],[-19,19],[-29,52],[-27,25],[-25,20],[-51,14],[-6,8],[-1,13],[-18,11],[-42,-5],[-5,3],[-4,8],[5,15],[11,12],[-1,4],[-22,14],[18,34],[2,8],[3,27],[0,28],[-8,17],[-21,31],[-11,5],[-8,86],[-3,9],[-7,8],[-10,6],[-7,-3],[-15,-21],[-10,3],[-23,17],[-31,2],[-19,-11],[-70,1],[-26,-23],[-54,17],[-2,-3],[-32,-8],[-7,1],[-9,7],[-14,-1],[-3,-11],[13,-19],[-1,-4],[-22,-28],[-7,-14],[17,-42],[0,-7],[-5,-10],[-21,-23],[-27,-18],[0,-77],[4,-35],[-4,-16],[-4,-8],[-38,-35],[-18,-12],[-12,0],[-10,5],[-26,15],[-55,41],[-17,24],[-30,10],[-10,6],[-11,20],[-1,8],[4,14],[26,52],[16,27],[-2,23],[-8,28],[0,9],[29,52],[0,7],[-3,11],[-46,70],[-4,14],[11,38],[6,11],[8,9],[23,14],[16,29],[5,37],[31,71],[1,20],[18,56],[3,21],[-8,24],[2,11],[13,19],[18,9],[14,14],[9,16],[9,27],[29,50],[14,17],[25,23],[35,49],[3,22],[-4,43],[3,43],[2,12],[33,57]],[[3003,3365],[649,-210],[677,86],[546,-19]],[[4875,3222],[-3,-16],[-16,-33],[-14,-40],[0,-24],[10,-40],[4,-40],[-6,-11],[-55,-54],[4,-21],[28,-44],[1,-16],[-7,-11],[-37,-38],[3,-12],[-1,-56],[3,-40],[-2,-10],[-4,-10],[-18,-15],[-3,-7],[1,-12],[24,-49],[17,-11],[20,1],[12,-5],[4,-5],[2,-23],[-1,-4],[-10,-2],[0,-7],[9,-16],[25,-27],[14,-24],[1,-35],[-2,-9],[-8,-18],[-28,-24],[-9,-16],[-3,-17],[19,-38],[19,-53],[0,-19],[-5,-12],[-18,-30],[-25,-36],[-47,-50],[-44,-39],[-13,-17],[-4,-13],[3,-22],[4,-11],[18,-21],[9,-22],[-3,-30],[-10,-48],[3,-19],[17,-39],[9,-13],[20,-10],[40,-33],[4,-10],[1,-18],[-6,-11],[-19,-21],[-14,-4],[-25,5],[-15,-8],[-15,-20],[-8,-21],[-3,-26],[6,-22],[12,-13],[0,-7],[-21,-28],[-38,-41],[-15,-2],[-12,12],[-12,2],[-25,-14],[-28,-26],[-56,-12],[-18,-10],[-51,-7],[-67,-52],[-9,-18],[-2,-14],[3,-9],[11,-13],[9,-2],[6,-5],[5,-14],[4,-21],[2,-26],[-4,-46],[14,-64],[-1,-19],[-4,-7],[-19,-11],[-5,-7],[-7,-28],[1,-59],[-7,-12],[-22,-27],[-16,-15],[-28,-15],[-27,-9],[-4,-5],[-13,-60],[2,-28],[-6,-26],[1,-5],[5,-3],[4,-36],[-15,-45],[19,-40],[24,-30],[5,-28],[0,-32],[6,-55],[17,-98],[15,-24],[103,-90],[13,-13],[19,-28],[14,-27],[4,-20],[-1,-14],[-9,-9],[-23,-11],[-9,-18],[3,-17],[15,-14],[11,0],[14,4],[35,21],[7,9],[2,18],[4,6],[13,3],[21,-6],[16,-19],[6,-16],[8,-9],[27,-15],[8,-12],[8,-23],[6,-44],[8,-31],[26,-30],[33,-51],[12,-26],[0,-14],[-283,10],[-1420,52],[-588,16]],[[370,11691],[329,95],[137,91],[55,90],[7,218],[95,56],[21,465]],[[1014,12706],[927,-457],[553,-115]],[[604,9786],[2,7],[9,57],[-6,37],[-22,49],[-26,88],[-10,54],[-1,59],[3,39],[-1,53],[-5,30],[-11,37],[-35,80],[-2,48],[7,50],[15,24],[46,42],[19,21],[10,16],[13,40],[9,50],[70,164],[11,59],[1,19],[-8,34],[-24,56],[7,59],[-1,46],[-5,35],[-22,57],[-2,42],[-9,51],[-30,44],[-31,30],[-7,11],[-3,18],[1,22],[-4,34],[-9,12],[-23,8],[-4,5],[-6,12],[-1,20],[-4,11],[-36,47],[-1,7],[3,15],[0,0],[0,8],[-21,25],[-34,22],[-25,9],[-8,7],[-16,29],[-7,6]],[[5985,6646],[-11,-10],[-16,-10],[-28,-8],